<?xml version="1.0" encoding="UTF-8"?>
<project-private xmlns="http://www.netbeans.org/ns/project-private/1">
    <editor-bookmarks xmlns="http://www.netbeans.org/ns/editor-bookmarks/2" lastBookmarkId="0"/>
    <open-files xmlns="http://www.netbeans.org/ns/projectui-open-files/2">
        <group>
            <file>file:/Users/lamaalfreah/NetBeansProjects/EMS_Group_K4_/src/ems_group_k4_/Electronics.java</file>
            <file>file:/Users/lamaalfreah/NetBeansProjects/EMS_Group_K4_/src/ems_group_k4_/EMS_Group_K4_.java</file>
            <file>file:/Users/lamaalfreah/NetBeansProjects/EMS_Group_K4_/src/ems_group_k4_/User.java</file>
            <file>file:/Users/lamaalfreah/NetBeansProjects/EMS_Group_K4_/src/ems_group_k4_/Item.java</file>
            <file>file:/Users/lamaalfreah/NetBeansProjects/EMS_Group_K4_/src/ems_group_k4_/Clothes.java</file>
        </group>
    </open-files>
</project-private>
